-1.241348266520101,-0.7857770234891012,-1.2344641166832055,-0.3478977973054709,-0.3706497631239984,1.0,-0.35932752351524805,-0.9205848129550628,0.775120613593567,-1.5567152445580725,0.9122911306941774,0.07190016173229145,-0.3814424674890693,-1.1626381633005296,-0.16052108209166444,0.06034388860152854,-0.3780995267622644,0.3967068278776309,1.1334985717292136
0.14822602060633583,-0.3300786468960401,0.5655733323762943,-0.7239733118964756,-0.9082035232703095,1.0,-0.6244037734516976,-0.43943669511496714,1.3354014564041068,1.7784732698568766,-0.5203208799951272,2.4394376293880775,-0.8102612421830022,0.7619457538121419,-1.2804850924670812,0.6860217728856665,0.4011054001919025,2.475099372280482,-2.998829072242487
-1.0832951445566723,-1.512453504660695,-0.8534416605921457,-0.4926871404212924,0.8222143495932074,1.0,-0.5878454189565121,0.30190477204762706,-2.3091833760992295,-0.5645744972124022,-0.30335700896359896,-0.02570887667133518,-0.12788449666956542,-0.47995393136026265,-0.024143424488545173,-0.8312114849548552,0.8871667626013778,0.20788881485509622,-0.4078506624009075
-1.6458307364696614,-0.3692515226532477,0.08074677486349507,-0.7698717758159771,-0.3173222387054456,1.0,0.6751219458151224,0.7902063352658134,-0.260381187006111,1.1188768459383436,-0.8960673838838479,-0.3889635242861565,-0.11222400607014994,2.066473398157658,-0.31509950638544576,0.457320185768732,0.16596168666237468,-1.693548854093734,2.0499005655656206
0.4032428207735814,0.18864218275275574,-1.052116933840327,-0.7136789662655592,-0.8786978620004575,1.0,-0.9000215642137099,0.09462060747618505,-1.1687418434722727,-0.5101257957062038,0.6042383254342165,-0.2556197992546997,-1.8554591205030273,1.464352645823406,-0.21697166689503192,0.15462561039453823,-0.9787742236051943,-1.4332539867264755,-0.47575104371563653
-0.9195711391684986,-1.1700136495527296,-0.1473375007605561,-0.3908139080836782,1.5598224268861953,1.0,-1.027986987767968,-0.13660336209701457,1.0233407959046406,0.7867642822746683,-0.23196303720786599,-0.33600958161031935,-1.0881449858364274,-1.175538887019754,0.5164218981517298,0.7008128042447268,-0.29259487880342033,-0.5019656422364134,-0.011826422306148176
1.1910024972919102,-1.1925382849510309,0.49322213499307827,0.31696397448948427,0.9814260515175192,1.0,-0.2489484220857386,-0.14338445122491958,-1.2077820032620767,-1.0289634416821494,-0.5048553699358892,2.042315131909349,0.03837840208236925,0.09591006164559647,0.3861186298114118,-1.6107783448791544,0.5285623120499063,0.1303175028255746,0.8678752974640944
-0.16026024970289104,0.6340372178547765,-0.7412974404157819,-0.473931463876803,-1.3428167341429835,1.0,0.09961098573344185,-0.9964480195255002,-0.9751420608476452,-0.3348420229053642,-0.9216208719960602,-0.6870363755410845,0.08701105922167308,-0.13474933531397232,0.621283620882446,1.0815573344920957,-0.5521550607475487,-1.1438191158618818,0.9254551675463291
1.227041861123804,-1.03038761187239,-0.05330629656684837,-1.51838460676994,2.585060400648576,1.0,0.45073112410878297,-0.5371530955612412,-0.05253229007582497,1.0542492049369858,0.8442264784396366,-1.10339857821415,-1.6977230641485834,0.09167824706282546,1.4459428615401249,-0.8091765381669539,1.130986081089119,0.5062807058945763,0.4666464912392769
1.1597463433801323,1.3556634341721345,-0.6472538333565521,0.6206252034356887,-0.9488106030687676,1.0,0.18311206268039548,0.8193944477593508,-0.26737531970317846,0.2945791682112293,-1.755502472180412,-0.853669501282966,2.3146449878845643,-0.3881398861180286,0.6493226542973713,-0.19191710385252525,0.9351598874683501,-1.616091034994084,-0.12335199828040169
-0.0335125402241439,-0.4696957069319205,0.9389432213892449,-0.6757082637374006,0.3635757456886806,1.0,1.276689521973751,0.29947140215781226,-0.5430202104098912,-0.5604855905429986,0.4997686195049332,-1.8798915057054164,1.0808305802868696,-0.22233563299580633,-0.4022404691320016,0.766343347388209,0.9206215942357764,-2.375659458819769,-0.9725129988143394
1.8330946164618456,-2.996181748079052,-0.720006242918605,-0.28743079344389283,-0.9396323137283482,1.0,0.8795132384084028,0.22477465596913868,0.23681069378801126,1.6982807973702345,-0.3366901562390827,-1.9675645260098948,0.8686888577154291,-1.2247562804145333,0.1576703868364995,0.5593692852092782,-1.203185280558882,-0.4104443876578664,0.8157955343886552
-0.7121444045531474,0.4681511259954983,-1.4345760012812159,0.619307314527556,-0.3092499568847634,1.0,1.3432083566809403,-0.09464124474388959,-1.463487739101042,-0.4341335369761732,0.4707061044537681,-0.47812403839112266,0.04607944724982489,0.9287396284835757,-0.2096542045369322,0.9770004067672138,0.4186092516844998,-1.4043813567909504,0.7904468440389109
1.7632603166463012,-0.18136435127632075,0.05535748053587533,-0.49630700783759907,-0.21994722983742848,1.0,-1.8966856168320971,0.5945174358538999,0.986582200342992,0.08739985595936747,-0.3462344530543021,-0.5998869460352136,0.41137652195658586,0.5781046970963439,0.08358789871744891,-0.004468123430890151,1.3503175078792427,0.24905527669113262,-0.7200205598530193
0.20371887355566268,-1.1462093592333524,0.10381463781118884,-0.9276504733478773,0.9265716798863182,1.0,0.8241529008680963,-0.2674172414020828,0.2965426368376736,-0.8891983920728473,0.8615618316332689,-0.08189202296761647,0.8431114899586766,-0.20711669750494668,0.5349206925624216,0.09594392142722705,0.7642604906143942,-0.4018837647530251,-0.01984095639091902
1.2774171832954542,0.41894530737984437,0.6215013288687921,-1.4101366768160715,-0.2864327966355158,1.0,1.377129119805563,0.8178822663309779,-0.5552580534505624,0.11934691267134923,-0.5762286933839929,2.591746651662256,-0.7024593983592304,0.4868428168308578,0.3427014649560743,-0.40568499120290513,1.7471314863932415,0.0473570040859,0.54959481960918
-0.39549652281324693,-1.4302986956181645,0.32075029836317887,-1.8637886309051264,1.2073155663773938,1.0,1.512905069082516,-0.34444156399166537,0.2221836170845225,-1.2052072435630803,0.8202137466455725,0.4200118986265288,1.6605830805104274,0.4352558606104724,0.14277160426951738,0.09861975332588405,2.3186140867628264,-0.5774431284004963,1.155556705305854
1.7256704587923075,-0.3746111405000305,0.8420758866508881,0.3047517224514177,0.7342812236607948,1.0,1.4434222429700663,0.3635507635701547,-0.546062930064238,0.10229356548166098,0.09141629374136252,1.4281673135439916,0.04351612553170588,-0.23206684877378939,0.4751962875523538,1.2378697059351857,-0.17342712725156273,2.0389457713182706,-0.11424800354889025
-1.5843226596974085,-2.566464096755945,0.9117020909366158,-1.2417442465774944,0.5241412910526757,1.0,-0.5833808651167367,-1.1686200396941473,-0.5653531256001361,-1.4539854415208775,-0.5818560609151326,-0.6246614564705864,-0.8169396782311313,1.4679743305084656,-0.7419787732112597,-0.8780381142954826,-0.4429321702256152,1.0643845007778865,2.358809279369514
-1.8677517662143779,1.911549657065672,-0.11884511204044093,0.8772290780927996,1.0700485533256097,1.0,0.5919908810157757,1.68101544615733,-0.02220806786674671,-1.3846235705648438,-1.3059760287859372,-1.3693041242717288,0.06950254879034827,-0.9373204793445374,1.5406112151495808,0.307003440675822,-0.2101722370140318,1.1665524411678816,-2.1821336838293837
-1.0202630532093615,-0.7444211184373458,1.5150453967585018,1.2403135888284291,-1.2432490702789951,1.0,0.9217259398314279,-1.1029534356047166,-0.7509647451995715,-0.22439185153182886,0.07067001403766114,-1.6118489964976053,-0.03556152175756099,0.13041537526312505,1.2840526571660391,0.5381500584936791,0.6615665139744008,0.8563301421128746,1.6234448699911606
-0.362003032645611,1.4612903537477975,0.8431247609750404,-2.009254778121393,0.3994247489275906,1.0,0.28771921492069613,1.1939692697718178,0.7670749859670959,-0.22341925800637616,-0.6646000278190057,0.272491865487851,0.6136289401499325,-1.225865110443366,-1.305851425988442,0.6136097265475257,-1.356798958462294,-0.8036151630558652,0.2661023550757837
2.2266419748631203,0.4527372453675123,-0.1583963358381796,-1.2348129722344448,0.30809378268005555,1.0,1.9072440748006345,-1.8654369814350398,-0.5334461402596898,1.446571317060697,0.31915315323937843,1.0062145561868414,0.6491969332144402,0.24498879082376204,0.09141898115405155,-0.3179524930599821,-0.5194339400768472,0.3778421958818151,-0.6431278271358157
0.10955557864721177,0.6513524575634098,-0.8165071735816745,-0.4725846053070374,1.8820402979622495,1.0,-0.6187544288526499,-0.3110960708174315,1.2508451606148172,1.0232872935363855,0.40219546597586087,0.7074876532827075,0.03923905381306478,-0.02944715031735834,0.3987649726946217,-1.032258960780059,0.3994829202229612,1.1897256215708139,1.9420454437523529
-1.5532273182409118,0.7379152536806757,-0.9116518013004167,0.09943290249272665,-0.9009863951873621,1.0,-2.1102857602339298,1.124517152820178,2.1176781518121546,-0.9694762753654966,-0.35154240500506034,-0.7832657809232397,0.4844193776263092,-1.0733987007212134,0.5695908682770687,-0.009559668214883835,0.7109666984428527,0.2914428397193894,0.10789216546924658
-0.9703239023869504,-0.6496071100093554,1.2066118263651184,0.029940131482294914,1.2936292246364243,1.0,-1.3241151249734548,0.7152553033225777,0.5999469077428126,0.1409567689641992,1.443901994294841,0.039791191927067975,0.9175463783728581,-0.5859593287311985,1.1104810679848016,1.0030859744769425,0.5847780807933043,0.8681388393825437,-0.2721412276710242
-0.5953620069557143,-1.4345348145729695,-0.8989612158840192,0.2297015939309567,-0.0528736678844692,1.0,0.822598070722183,0.008473370666357009,0.5608136958105128,-1.4047483236519098,0.4135751655714553,0.9996817359899879,1.3679318075120228,-0.04642090125444891,0.5986747177424158,-0.4461748653675226,-0.41221444554066744,-0.450640681492519,-1.4325053026571093
-1.8908309702244428,-0.03138397780160984,0.8261668266776385,-1.6008914442334032,-1.0007963307215724,1.0,0.45436784912509903,-1.4531914674849933,1.8195102555666929,0.6979437198068201,0.10394150426923718,0.185229793311063,-0.4854700800208268,0.5014141359433856,0.18372528784128808,-0.21680710692743146,-0.13991576133092354,-1.1461077736050282,-0.40050636286020536
-0.019130843268358257,-1.7776882065126798,0.2731150207817684,-0.3895698425452001,-0.45727514740413305,1.0,-0.7630504200350239,-3.1331413857563573,-1.403507305716104,0.48864152210509043,-0.5776708769092956,-0.15966093087888678,1.2871865955433401,1.519523034869194,-1.460533700858658,-1.33730309448683,-2.835010033978767,-0.5747791318299004,-0.7535774929858519
0.11508922970246122,-1.245916134815334,0.09544248622382051,-0.06681457766404168,-0.25734470869435655,1.0,-0.8660666099247959,-1.074464889651786,-0.014101625828053492,-1.1467526701665531,0.33595097459044243,0.678422390781242,1.2784667116289967,0.4316298428531924,0.19912690914962275,1.0804117787225824,0.22192808579203602,1.022896258383794,0.6654652367851797
-1.1999052447221856,-0.4282652583661678,-1.7037513584801127,0.18284759744903853,-0.07770047504987432,1.0,0.542301931518352,0.8810039324331304,-0.9652547707914104,0.9313331021029033,0.3533186571694146,0.5294095148101585,2.5320744057186846,1.9613389304885787,0.19887988314924693,1.3454800313922206,0.6531077179275246,0.9743358644954477,-1.7086332227374996
-0.10374263051864796,-1.7569956642587905,0.021188985237277334,-1.3438395708816924,1.3559285196803068,1.0,0.5531643644909724,0.35175322030333495,-0.8171630214065077,-1.7660749475593167,1.0091945653563772,-0.35974856382553533,-0.1242419594784993,-0.12035647715711838,1.6566716275924898,-0.908220786762687,1.5100799163872243,1.1916137106875775,-0.6039199157665854
-0.7397677091073122,0.9177686652286505,-2.56679262720708,-0.5241336314927543,0.9118599847791354,1.0,1.085574677401959,-0.11298080615138328,1.6485481447499069,1.552371976327421,-0.926759131262311,-1.9460385695758942,0.19333282860548834,1.6293285235758546,-1.8313396543672584,-1.297169593670909,-0.9188974507913353,1.2482684159909423,0.17770951594525458
0.47610267969352155,-0.2287642737596565,-1.2395046017725164,1.3907890420331517,0.19437853504708688,1.0,0.5345036267421773,1.4608117883299052,-1.4551783920316184,0.5918069444384582,-0.7665411454823373,-0.6686366121006336,-1.1164198603175424,-1.139954284488504,-2.0729009732652455,-1.4350948202324165,0.8027732522443778,0.49950884106865845,1.4205400275878457
-0.012027902647492563,-0.6656300680056275,0.088310917999582,1.1623221199010165,0.09023077925348615,1.0,-2.8473617214839124,1.1181335042068465,-0.4062265801533624,-0.38018251668223724,2.8763017469318024,0.7202333894950401,1.5254758989375357,-0.3876569421176101,-0.9664827737255893,0.9314849485439651,0.9624997043764247,1.021896038604869,1.2488606462139227
-0.4693546091118544,-1.698258058227307,-0.08149240122146233,0.6113028116256036,1.2242304488855489,1.0,-0.8979474407379793,-0.8348844404151966,-1.56835907102914,-0.030647537874318256,1.2238396193462049,0.05788544137273549,0.4721940073020073,0.6100152233672813,-1.6433087696004405,-0.42411031652058784,0.9219721271296033,-1.5856283250832033,0.5390415549732317
0.26913486023919253,-0.29011511575440685,-2.5778817416188433,-0.9279311186279795,1.030904827485084,1.0,-0.7329393894493313,0.35661467258547785,0.37544882080674025,0.2562480314697164,1.3883185198273849,-0.6115228338479365,-0.1174671169305095,0.47848659684514383,-1.7276103534957352,-0.6612478361452256,-0.8818570254205091,-0.3201289540195172,1.5643044185391823
-0.8280578084794973,0.5209546115166611,1.717158464844542,0.20868059239501627,-0.798238483006866,1.0,-0.8887070379587825,-2.4624065512914632,-1.453214710791612,-0.05256617743325611,0.5328718436369255,0.19141749413157796,0.5000789360647772,0.6631732109112192,0.28074176148384894,0.8935877357515655,-2.274478621826647,-0.2871971967889409,-0.34481730453395704
0.1969270571613036,0.06334373825011823,0.08777427942254219,-1.1843911630473238,-0.6737946452723882,1.0,0.5998776763990162,-0.7304446914431253,-1.5153515886679838,-0.7657625561196371,-0.36287903541062133,-0.2116215575231708,-1.488895679977366,-1.5295204329833296,-0.45879493513456393,-0.7735266607552057,0.029403558226249373,1.1053383922580495,-0.9904414629939119
-1.51595032404125,0.77468147914608,2.0086624768073658,1.0530580226864752,0.0003616850599132271,1.0,-0.7838727156285638,-0.07342410502600409,-0.18448782508887823,0.3014238330460604,1.0262855410456735,1.9543655507200905,-0.907339045880724,0.17440084306013978,2.0381322454837485,-2.4113853787422146,-0.5945129283491393,0.10942875390371765,0.18220643061778002
0.6681376335933968,-0.045252633485372576,1.7159039851225828,-0.2046170601155196,-1.7658063390372576,1.0,-0.9579120247716391,1.9694382206237395,-1.3749760937387052,-0.8148667039916351,1.7930498578754714,-0.6895759825017115,-1.087926531442779,0.12909440328961416,0.09590435391166871,-0.6506298717927477,2.061130782981441,-1.1267301790547972,-0.38330468886106656
-0.3550083203842574,0.48815822513908985,-1.4495001184011245,0.009617771428387743,-0.7008242561587484,1.0,-1.5879705948745197,-0.09279980068138602,-1.132832146753127,0.800194575000763,0.5739500752492972,0.16543419083047867,-0.31674284323365687,-0.4287626011503371,-0.0786572741871887,-0.9155041588419863,1.571931770473428,-1.2096798125507335,0.71460142531636
0.6373560389034988,-0.13225040473909738,1.0833724378538803,0.34274196138709767,0.08231316275131496,1.0,-0.16174162650572171,-0.41503215817275924,0.5215620725813354,1.2068734870060591,0.7012546522987517,2.4892283696778685,1.2826085936459133,3.249743789881205,-0.6581165438914356,-0.5788187014325171,0.6733296254138076,-1.4638009373344663,-1.1751346199830348
0.7021515000182592,-0.28301787184708455,-1.2855172051494947,-0.18476026631254464,1.0114857775800117,1.0,1.7395836244279435,0.002478104163915494,1.4460716747561,-0.22277734162761567,-2.1313167999290337,0.3896839496700743,1.0022490302650606,0.014221799601670715,-1.670721435224581,0.1623027934662326,0.6575099502884197,-0.5920504689045979,0.7799666663820038
0.1255940323003539,-0.2396265888338078,1.534396126944369,0.1497927838976724,-0.16107463876554082,1.0,-1.736504617333752,1.325509201086837,0.2766470331245901,-0.9435167371585658,1.4768716320893798,-0.4845824942739722,1.924530262855939,-0.06244842103445362,0.7384658993901199,-0.07037338695108092,-0.048918728393268336,0.005796905713044806,-1.399984548599039
0.6997262883663794,-0.460010374948265,-0.3886223368942906,-2.2143087970428104,0.16335917641809822,1.0,-0.43155238573549126,-1.2594244035676603,0.41167805942786073,0.13369966097847638,-0.43951233212805596,1.5114569865143792,-0.3558077448954417,1.4476348079579235,-0.40720572152205564,-1.0066694204162139,-0.8743834295024789,-0.2003336189672439,0.9673570313782207
-0.1593069596384391,0.07737333285388152,1.5138828026734799,-1.7687542968643344,-1.0997831316205977,1.0,0.1873927224535124,0.26925870396268875,0.05165146279676235,-0.26511917439926524,1.167234990702397,-0.8448277694837988,-0.3217464217489704,-0.32105774465876624,-2.0237037680417194,-1.4227460181254132,-0.7359002415216723,-0.5858675936711547,0.19534190162998663
0.5241119002753928,0.30474890880527983,0.7546955225304683,-0.15589895865640332,-0.21822379896618238,1.0,-2.40353883335985,0.5550181019395537,-1.8428302885818766,-0.3519363710668175,0.9758327357746389,-0.8705335939698944,1.1224743836935702,-2.893955339351948,-1.4817329497059843,-0.11211292583474199,1.1723656996988392,0.18212182012804343,2.190231267182335
-0.5304985867253753,-0.6491409709163133,0.6327779910730966,1.2889834396929283,-2.1081431070757533,1.0,1.2192589726487892,-1.681857344369124,0.38767368177440253,-0.13485190665536964,1.4687764707964404,-1.3709466649545958,0.7660977420695225,0.5888696710350861,0.6218257393813512,-0.04284820220992607,-0.14105809238595127,0.10356485442989462,-1.224646822992316
-0.05511420882334293,-0.18821741368912212,0.20321649139706918,-0.6034554601961867,1.467636742650718,1.0,1.915432160975332,-0.5200858100049699,-1.1561875495077785,-0.36813365752690813,1.3674677011667111,-0.22654459059535526,-1.617288851137216,-0.3614904540940494,0.04991765943243599,0.7175880985953329,-0.21925589092677178,-0.9559844532283723,-0.7783214956299525
2.5444181681180074,-1.0529268066382669,1.2689784207665271,-3.219630985182224,-0.21197703183083033,1.0,-1.1363629956481869,0.48217832868598287,0.11253098694960567,-2.019770537697783,0.46029232546991067,-0.5476358074419059,0.2047617454836693,-0.4190636673082334,0.1491843245141383,-0.04012513679232751,0.5644718870816396,-0.06688507409632774,-0.1190913502953372
-0.9478348579475554,-1.4034103945628886,-0.04473003462675707,-1.0537810865454171,0.5345312148749588,1.0,0.16067903418430626,-1.3892717145408067,-0.9436210057969204,-0.48266265983492507,0.5860896561614739,0.6429194559567697,0.8894698318500394,-0.17944745524156563,0.6489319774090597,1.8050576376184229,0.9006628597912447,-0.8991072183471197,-1.0471213856250283
-0.5519383745835829,0.4675456796799229,0.4705194749107997,-0.6426287543855825,0.41148945812707366,1.0,-0.8777756137018397,0.2866736769426631,0.10151845952864683,-0.5170254038683445,0.1630986497158708,0.8459441153950791,-0.3188084988331748,-0.5043190808543615,0.3329408793708348,1.1722148463275688,0.03907664823078561,0.33723418824692275,-0.7021315494623267
0.09809448034362807,0.4917358913377398,0.41709188391927504,0.47531207057340336,0.4555347955130598,1.0,0.4030794221984688,-0.6718130346205295,0.6645805746549246,-0.6173076770045066,2.36808237332593,2.266728337558147,-1.1138530487158795,1.5606678184749774,1.1056043153834354,1.2569911218127559,-1.3106313293244276,-0.7980667364106414,0.11941561604671708
0.09383928499591544,1.6200724029611842,1.2321632726974987,0.2566587096443909,-1.0985823297968558,1.0,-0.4105466519404672,1.6945677851370644,-1.7230561363626997,0.37320804214743963,1.7038955361970465,0.020106278368037387,0.15616246711309473,-1.479779222457573,-0.7926531110193854,1.2456725568740803,1.0080442249128638,1.8388889035263096,0.7872552342742466
0.5013520730681009,-0.017044085961644077,0.3531736994932458,-0.31875473670621635,1.7435632535828622,1.0,-0.9908730750311631,-0.4669029038931637,0.08220317034720678,-0.039193432102127564,0.6331813729930033,0.18173262001923235,1.6630022467749968,0.3710520581883081,0.813129391585827,-0.30839673033038106,0.6731238811605967,0.7150013433924786,0.5816784636041495
1.1072575661809854,-0.08918342607638842,1.2100333536884953,0.29422480389769834,0.6482656260424987,1.0,-0.811742952686059,0.3123429272772696,-2.067080022895688,-0.009184192052739144,1.402568494567293,1.2948016790226828,1.3970387658729424,-0.5562458674530368,-0.24273943855936025,0.9675773008608743,-0.5836186370477789,1.2020811249077465,-0.026353559584088186
0.12904570916173494,2.590676440561036,0.08655467192371695,-0.7835884938976811,0.8560749131424855,1.0,0.5517501093999213,-0.04083318968642764,0.41769854801770623,0.07906260557006677,0.014825071604196037,1.714771136958266,-0.5507825802906772,-0.08261858118620147,0.19679584637626807,1.7594669061226822,-0.2204008513173819,-1.1408685077850698,-1.2841588512867048
0.7692259207379397,-0.464435218919592,0.04775536286127937,0.6488002730699026,-2.0235647225831213,1.0,-0.2560327268821595,-0.7285838746250531,-0.8960011471987243,-0.3653380242289464,0.3137827296275651,1.7876278286538636,0.06551986584844807,-0.15761533425807672,0.7106731830800204,-0.46318274308240964,-0.1810144057555178,-0.04100500422579706,1.6933246242806204
-1.6818272288342766,1.7156004336330413,-1.1594309415962016,1.3838496108732605,-0.6299677087297666,1.0,-0.16089879248381347,2.0825514817811035,-0.2955951161323216,2.0633998794216946,0.34248261304250543,1.460936961031564,1.5196229756966317,-0.7932366380648121,1.0155317411337177,-1.8685962235500129,-0.253067779906442,0.13708468559906992,-1.7599086989900306
1.1996990728587593,-0.09264531620257321,1.0200106785049736,0.5640083991466847,-0.497909595924133,1.0,-1.0305456927083114,-1.2831044246661967,-0.5287798179540135,0.12829094545963252,0.9411481689821772,1.695563165432544,-1.1602112797790602,1.4099725573006474,1.3855000558058872,-1.1783173709136758,0.7980633250497214,1.0333900019510545,0.013610834684953868
1.2738388359663775,0.5707732872092119,0.9931572805494294,-0.22582922641226527,1.0681207923143927,1.0,1.4354278060334371,0.8044801718661898,0.8086084519919577,-0.22959666219480224,-0.5799355649590406,-0.19142882296952682,-1.3425492028870305,1.0389067863353314,-1.182523311572385,-0.462230985606922,0.25236074107610196,-0.9335055346140145,-0.032651821427774515
-1.791816678089249,-0.6393364864526713,0.13012464026442364,-0.4202367642131766,1.0411929408495664,1.0,-1.9393282193844286,-1.8532521214608713,-1.7341210190186234,-0.9532274622282149,0.20204089129589112,-0.042716335281014844,-0.550751452731076,0.28906262137473143,0.16408923531372466,2.043468103220037,1.008255310681748,1.4603873990248721,0.777361088744726
1.1834989626075674,0.9003469087919842,-0.201943844566982,-0.1882340085363964,0.3867181012727503,1.0,-1.0232723595988675,-0.7148674332379638,-1.2208731228195318,1.0596858581707558,1.2543572424213867,-0.30529719024310203,-0.3788046807742378,-0.7111565488540738,-0.9495092111204154,-1.8120077419141694,0.8516217234299567,-2.3617895392290174,0.9529463393315328
1.2210247303491688,0.016923786265561225,1.8065154204095424,0.32690914826420303,0.15748293980671765,1.0,-1.538160307633805,-0.8161209935111784,0.07222178256677879,-0.19640617779009878,-0.35633014004610714,0.16456135600381794,0.9111555597159077,-0.03060695382673897,0.4533905672772006,-0.7376584299215312,0.44838861251603457,-0.7183235262216436,-0.868719073123506
-0.7699725389180054,1.2359156254561807,-0.6215537841571642,1.0485447222809072,-0.9767945513097405,1.0,0.4523944817510967,1.2160152971406633,-0.5335992862984533,1.1042947955951776,-1.123908048594077,-0.749666464942798,1.0677619880550733,-0.23538667747655084,0.13918383498223194,0.8762136516037389,1.3423400678457145,0.16460159226200854,-0.5951791133676652
0.5097354756055891,-1.2787106794871788,-1.2010515835842297,1.685852503851528,0.9884914590602714,1.0,0.8946234115376698,1.813107830018213,1.4464367388821147,-0.8572642779081088,0.40764112745149605,-1.2895746791991816,-0.15360532394453555,1.2922276214259227,0.2552463059047789,0.39663011971717865,-0.5398733051281855,1.7018430407739968,-2.22611085588252
-1.4412405162803115,-0.1520981251570168,0.74166150175569,0.9688563876360865,0.5739162820109426,1.0,1.0171121049134442,0.04889513377392423,0.30357060312503525,-0.2885652434174046,-0.4703445970755079,-0.18685511153769718,-0.8716277802132327,1.2479656884642523,-0.8342014993126746,0.6503831137776216,-0.2344900323091904,2.5428519065592132,-0.4637486714795016
0.9678374125542543,-1.2678754059508224,1.5375542256409322,-0.32086782960604776,0.7688073208610195,1.0,1.0343225647253165,0.07664243255892271,-0.05766236990423444,4.077252095614336,-1.6998797963521626,-1.092003642855501,0.988678106888633,-0.9255317595661863,-0.4276841571145501,-0.026625718901516524,-0.7176077686724541,-0.5597130739563697,-0.40450900998017775
-1.2729666599007274,-1.9608374667940394,-0.704176663404482,1.2001697790812147,-0.6584622667948671,1.0,1.4455058753732974,-0.467881944513969,-0.03395763689927454,-0.7068865079165055,0.7000851225210925,-0.8776373250010259,-0.9886124337330912,-0.8137387169652526,1.3424967100229808,0.4175389650304069,0.9621992480373401,0.8404251847620714,-0.15293233183382562
-0.006059541416289002,1.9888280777242706,0.5830653826033306,0.23061351269607028,-0.33487721948814747,1.0,0.8150971863383777,1.2144551903213834,0.7052051667723854,-0.7008183541832945,0.45471539153379037,-1.5883186402143583,0.9145073454055265,-1.9388854485874663,-0.0794805361540774,-1.1325076168701333,0.52279060590527,1.250232255618558,-0.10770557711025552
-1.976613974417269,0.34425686082233764,-0.4566459823289391,0.6816798022941242,1.512802352903103,1.0,-0.2954952718638998,-2.142517445964812,-0.5742302449476298,-1.8589799227833848,-1.8367492126192355,-1.2305900145217867,1.154987154564128,0.7571281222398367,-0.6479731045440184,-0.4913503063298114,0.6651294634811334,-0.6173990290214124,1.085099124031546
-2.240068433533612,-0.20589187039943518,-1.582992547342428,0.3792622582942165,-0.7965845966609139,1.0,-0.5831191042765276,0.0030551626809283416,3.0202132910470785,-1.3793635756079878,-1.3156138334368441,-0.33147701695062864,-0.6855689500302672,0.04769520611301482,0.4798327373634429,-1.2534704289455132,-0.23919499094268068,0.2384763319153928,-0.8567339910203614
0.9798635155442226,0.7116756827590588,0.5544958166149389,0.8903475195492209,0.8490353995391953,1.0,0.22786837547497443,1.3965003376127791,-1.186325235721982,0.4041470702942835,0.5815879525030591,0.03841398227967184,-0.8021131732326389,-0.10338692544247277,0.507132411798666,-0.6574466767292686,-1.4736929578421645,0.22104751754299803,-1.0416854180297206
0.8107804506064502,0.18231509226052486,-0.8576577475297796,-1.126468968886487,-0.41954002533133183,1.0,-0.24376217757751567,2.044728815559023,-0.04765700474458079,0.49810438076025937,-0.48413316715060195,-1.6157577598208777,-0.10273489730256845,1.3569006506659143,0.7997680550742139,-0.05972051766756481,-2.353796951857224,-0.9497066077764873,-0.6923376230906222
-0.6465298773227527,0.8298813349476192,0.5105789380960241,0.3829050815344276,-0.6129512743941374,1.0,1.11781225349232,-0.0025843811015414954,-0.7282295793821054,1.5405343225743902,0.21586994272102483,-1.0578579440544555,-0.3215200473976122,1.1136771639061056,2.0677860180819403,0.9444408708227606,1.127289941061629,-1.743173723465998,-0.08473379744234733
-0.479394669043814,-0.6322484409263696,-1.8527735735437674,0.11561667021717723,-1.9864947853742063,1.0,-1.128164903695607,-0.651263064440612,-0.5612845309900475,-1.2892551125056433,-0.7608001817641574,-0.2528836858866695,0.007308985695488662,-1.30759009080832,0.47721056112315824,-0.48627560088710964,0.6915967146755048,-3.6597923310405744,0.316823158998818
0.7893286595061278,-0.24003236741573522,-0.7594095689833024,-0.39061068337128324,-0.2794472669940294,1.0,1.5893040697840217,-2.454279849184928,-0.3205140025518672,-0.1323388584898737,-0.971597764572206,0.8886765375578531,-2.077588485567575,-0.5568285420897866,1.8298233453075716,0.0041402947804140815,0.3171126452700854,0.5300030418047722,-0.08308476022365888
-0.5577789096532514,0.019723367434991,1.8317398351654421,0.9532003629181076,-0.17165529901156415,1.0,-0.020753747461484593,-1.325325517854066,-0.573120049326523,-0.46383560781616545,-0.08716334979301761,-1.2127251556865537,-1.3592748700419839,1.6261898018605263,-1.260441546330803,-0.21377303789314797,0.3495342224080969,0.12358673538011934,0.7218714295727334
-0.39823148848149337,0.24777267317887322,0.35905089270412766,1.9012887076443672,-0.785989353523886,1.0,0.07418148599593188,-0.6686023051105559,-0.8835560467790234,-0.4751658175359775,1.3492811987658047,-0.5976156824072917,0.08974550094906623,0.08459192823407859,-0.6355433153632879,1.6389023024610472,0.1333009078927697,-2.1094628604164147,-1.2403814178999946
0.6103801173866015,-0.24756617751297802,-2.086465590929966,-0.2932904906135684,-1.2728978732246217,1.0,0.8318590707505957,0.3353858610004339,-0.36717204051097524,-0.43071392007075643,-0.5207949550258592,1.3660954101544103,-0.6597208147150383,1.3089594247541931,2.5278385129768273,-0.05427102899552013,3.532318715770657,-0.7519929259694884,0.4674353190647808
0.002367288362851844,0.6928111597995315,-0.8127187747916859,-1.1526555217431755,0.9240072627210864,1.0,-0.4406925786230803,-1.0969561290825258,-1.7872997105375172,0.27920405038849344,0.7411981227329135,-1.143954502873996,0.5099774519875723,-0.13587207880863084,-0.2965291032937234,2.5610542108474483,-0.3934866570283543,-0.8712640042904641,0.6168661233413741
0.7105786760658763,-0.5923309084400299,-1.4968482099470801,-0.5699923988317149,0.7150000366541924,1.0,-0.7807783612956374,-0.534599644176792,1.9541185186289383,-0.30667139068006166,0.4678889167044648,-0.18768391155929612,0.2590385221511989,-0.1619931361454966,0.32467938242233096,-0.35207240756901104,-0.3264975849324543,0.7351778261760047,1.1836446099498692
-0.27762082587215864,-0.437242423359263,-0.886102197218758,-0.4765824289514185,0.7249170740066077,1.0,-0.7752989964860381,-0.4179632763798902,1.2839849023559442,1.2995570056941324,-0.24472293693873529,-1.5776402647639503,0.14974915506570433,0.10251374060492577,-0.461849790148573,1.7430749478261642,-0.05128629469438893,0.995986602792789,0.025200983760480248
1.180973274889176,1.6570807900106588,1.369966499850892,0.8028373657695109,-1.6279940088800218,1.0,-1.265729015740611,-0.7539494316083452,0.8492223960906446,-1.079752123790269,0.9373355437280323,1.1476770870176956,0.07551430600081445,1.01851090363001,-0.7438931791979896,-0.7595185331127778,1.1465515778134674,-0.6421123277865213,0.8440701366671789
-0.9442762179078248,0.3913143367392217,-0.28861176439016584,0.6819939236551318,0.9017580396830467,1.0,0.05825074682676457,-1.3689013575392548,-0.4605514830838381,-0.2832169477392402,0.11073888859494631,-1.3924150165197273,0.762311613112419,-0.42922007441356164,-0.6042611712807193,0.05578047437400833,-0.08970559339936048,1.5493473044617894,1.2750030782329658
0.8969068330487757,-0.9730048368491794,-1.5063927957258862,0.09027291907827437,0.21956409784284817,1.0,-0.70703977162866,1.8505120114368265,0.27836671496061316,-0.3904640032431321,-0.9921682753301788,-0.45639706826620574,-0.3995299807399433,0.40265785093366824,0.43656237370566736,-0.3845855744216646,0.5798151528868889,-0.5021343142841642,0.9159997050481206
0.8033809618006612,1.9393772782245182,1.6058595422615318,0.541880136601347,-2.200713686036684,1.0,0.14029057149005492,-0.47403675500782055,-0.01664421059266836,-0.7675929140815548,-0.37435747583190554,-0.8265750393355161,0.004444442170906346,0.13854666392903686,-0.6740768392093979,0.19777717028153205,0.4317160176970035,-0.21402540387602575,0.5029047706056992
-0.19199156933615188,-1.2159063739265032,-0.22311890656923627,0.42520002691967973,-0.9909132467224081,1.0,-0.3896302591358501,-1.7367866966551093,-3.1050916112906255,-0.7514661241982962,-0.35927602421169247,-0.054378725881505,0.48339405800014035,-0.41535569495340197,0.7284869868099757,0.1882096874560509,-1.1187959219032468,0.307582060010454,0.41435541729860564
0.6710449771218737,-0.028454751160041817,0.44353764706835236,1.468101584571424,0.7183030946454857,1.0,-1.269635319155275,0.6264428978920223,-0.6080718788470219,-1.4693071641221298,-0.7160267415701888,-0.5134311642660982,1.723640721108725,-0.13558792473051515,-1.2766587118750046,-0.7541611010735534,0.16988174971588552,-0.11837137534336742,1.5502397848045848
-0.01937446006387008,0.8940990657958451,-0.9948177882946649,0.8178991971733135,-1.723899716589729,1.0,-1.2999931539206384,-0.04115607377455048,1.006082730191408,-1.299456312217995,0.5861453941856087,1.291665972268652,-0.026403961959896416,0.015484297466418223,0.18138842801124108,-0.3467323654492668,0.20438411142868498,0.678308419823284,0.5403851824199463
0.1602589449718456,0.585048003330699,0.42641341164277297,0.4484205635485972,-0.0663821849006016,1.0,0.6814645885054379,-0.741392287376769,0.11337852999099197,-0.04542797409729791,-0.018824039391861867,0.34784969214677774,-0.06311306444867222,0.357025903314375,0.2914049083215769,-0.0981355866465567,-0.744375962452609,1.634318400904753,-0.6219957327227096
-0.18377497846586754,0.6001841453849375,-0.09008047788556306,1.5220878746023219,-0.5199805584514373,1.0,-0.22202753521913068,1.1852620575051442,1.6479651907690287,1.9445602046194048,-1.205219261639969,1.0842520939703517,-0.5326154663440028,1.1731037763293086,-0.43117613896737667,-1.4245354744724643,0.025742649105032787,-0.6137616107398026,1.0105041206757546
-0.3953636259396806,0.09149110253062155,-1.1783754753023237,1.2543877108778354,-1.2692759297647387,1.0,0.07424890323875069,0.38424709625528103,0.8118268778124087,0.14983207619840522,-0.60033355635884,-1.518318795807215,1.2422980460139943,2.090505733197664,1.5538453440475672,-0.041145635893599763,0.5545984858824554,-1.0859058382214313,-0.718327117897538
1.6646569809088971,-0.519545261772581,-1.961270186099213,-0.3290831629806268,0.6287673424347352,1.0,0.6175485858650867,0.3452613116899714,-0.9254644544374397,-0.42459513718456365,-0.38467932593222703,-0.7501810630407623,1.1838909808289293,-0.10447600143446222,-0.20485207858703947,-0.40406030185073627,-0.6914506668023621,-1.3876766520995405,0.06464592667441864
-0.07936018378977755,0.6155249942726282,1.7017237723428051,-0.41519754798947967,0.3278998711115747,1.0,1.998606071200359,0.8942858669979775,-0.7529335474456973,-0.5625705846588821,-2.2851429894120776,1.2841828666212278,-0.31811303481502823,0.5911002405067117,-0.3855339677378423,-1.60912246472843,-1.4033174396475334,-0.4157500340843391,-1.1257650796958665
-0.38073861307724927,-0.19752705757468084,0.9661595022981095,1.6123963207734044,-0.24756834823781368,1.0,-1.1189014108757724,-0.6129976279209716,-0.3354531086246988,1.4667679714078394,-0.22252779131115757,0.4654578910074678,1.2808256232894846,-0.015806922808918548,2.6090587968958254,-0.56237404573256,-1.1219122022731065,0.5763575316310996,-0.4267477519830643
-0.3497780312332609,-0.5620785351064632,-0.1653697209343881,2.485552595945867,-0.11196880596879183,1.0,0.5170459927595444,0.5411525621677772,-0.5221042547406098,-0.03198575696727834,-0.8159195494054821,0.7442985960483292,2.8197669251539192,0.22538005676311665,1.7535261068501804,0.8398641263515306,-0.9614245867143458,-0.6633692829990405,-0.31327101129624224
0.6627531374844037,0.6477593301953618,-0.814464571455337,-0.7267334183976453,0.5710635112984135,1.0,0.45687394886913607,-0.32296870305070124,-0.7488012209937694,-0.525722670739372,-1.2109430993143435,-0.402627602806599,0.5030529556453064,-1.0630418234014254,-1.6615400785244954,0.019458702941801936,0.04429785930889216,1.5198613248618715,0.5965060265513277
0.3639347508973076,-1.834961455450142,-1.4535652606748215,0.5970251739162192,-0.9988866279198817,1.0,-1.2751432184331344,1.2159343507526144,0.7182964295339249,0.926966831524528,0.5398613355197661,0.07480575840703202,0.770836889217208,-1.002814313227721,-1.2689677553324146,-0.2538823501947859,2.330294196323358,-0.6486014936178699,0.7897798019170896
